Sku,Description,Brand,Vendor,Stock On Order,Stock On Hand,Average Weighted Cost,Stock On Hand Cost,Cash Price,Year,April,May,June,July,August,September,October,November,December,January,February,March,Year to Date4000C5,ES1-572-54J3 - 15.6IN LED NOTEBOOK INTEL CI5 8GB 1T W10 DVDRW,ACER,REGAL WORLDWIDE TRADE,0,0,3752.0000,0.0000,2190.00003750,Last Year,0,0,0,0,0,0,0,0,0,0,0,0,0
4000C5,ES1-572-54J3 - 15.6IN LED NOTEBOOK INTEL CI5 8GB 1T W10 DVDRW,ACER,REGAL WORLDWIDE TRADE,0,0,3752.0000,0.0000,2190.00003750,This Year,0,0,0,0,0,0,0,0,0,0,0,0,0
4000FF,NHQ2BAA008G35727742 - PREDATOR GAMING LAPTOP,ACER,REGAL WORLDWIDE TRADE,0,0,10289.0000,0.0000,11999.00002500,Last Year,0,0,0,0,0,0,0,0,0,0,0,0,0
4000FF,NHQ2BAA008G35727742 - PREDATOR GAMING LAPTOP,ACER,REGAL WORLDWIDE TRADE,0,0,10289.0000,0.0000,11999.00002500,This Year,0,0,0,0,0,0,0,0,0,0,0,0,0
131006,PS4 3001504 - PLAYSTATION 4 NEO UNCHARTERED 4 BUNDLE,SONY,REGAL WORLDWIDE TRADE,0,0,2474.0000,0.0000,2820.00003750,Last Year,0,0,0,0,0,0,0,0,0,0,0,0,0
131006,PS4 3001504 - PLAYSTATION 4 NEO UNCHARTERED 4 BUNDLE,SONY,REGAL WORLDWIDE TRADE,0,0,2474.0000,0.0000,2820.00003750,This Year,0,0,0,0,0,0,0,0,0,0,0,0,0
13100E,PS4 PRO - 1TB 4K GAMING CONSOLE,SONY,REGAL WORLDWIDE TRADE,0,1,3971.2037,3971.2037,7989.99997500,Last Year,0,0,0,0,0,0,0,0,0,0,0,0,0
13100E,PS4 PRO - 1TB 4K GAMING CONSOLE,SONY,REGAL WORLDWIDE TRADE,0,1,3971.2037,3971.2037,7989.99997500,This Year,0,0,0,0,0,0,0,0,0,0,0,0,0
13101E,SWITCH - SWITCH GAME CONSOLE,NINTENDO,REGAL WORLDWIDE TRADE,0,0,2999.8657,0.0000,1599.99997500,Last Year,0,0,0,0,0,0,0,0,0,0,0,0,0
13101E,SWITCH - SWITCH GAME CONSOLE,NINTENDO,REGAL WORLDWIDE TRADE,0,0,2999.8657,0.0000,1599.99997500,This Year,0,0,0,0,0,0,0,0,0,0,0,0,0
131025,PS4 1TB DAYS OF PLAY - PS4 GAMING,SONY,REGAL WORLDWIDE TRADE,0,0,3345.3433,0.0000,2290.00005000,Last Year,0,0,0,0,0,0,0,0,0,0,0,0,0
131025,PS4 1TB DAYS OF PLAY - PS4 GAMING,SONY,REGAL WORLDWIDE TRADE,0,0,3345.3433,0.0000,2290.00005000,This Year,0,0,0,0,0,0,0,0,0,0,0,0,0
134004,CALL OF DUTY 3 - PS4 CALL OF DUTY BLACK OPS 3 GAME,ACTIVISION,REGAL WORLDWIDE TRADE,0,0,317.0000,0.0000,79.99998750,Last Year,0,0,0,0,0,0,0,0,0,0,0,0,0
134004,CALL OF DUTY 3 - PS4 CALL OF DUTY BLACK OPS 3 GAME,ACTIVISION,REGAL WORLDWIDE TRADE,0,0,317.0000,0.0000,79.99998750,This Year,0,0,0,0,0,0,0,0,0,0,0,0,0
134732,G1022010 - PSVITA GAME HOT SHOT GOLF,SONY,REGAL WORLDWIDE TRADE,0,0,280.0000,0.0000,40.00005000,Last Year,0,0,0,0,0,0,0,0,0,0,0,0,0
134732,G1022010 - PSVITA GAME HOT SHOT GOLF,SONY,REGAL WORLDWIDE TRADE,0,0,280.0000,0.0000,40.00005000,This Year,0,0,0,0,0,0,0,0,0,0,0,0,0
13100002,XBOX GEAR OF WAR BUNDLE - XBOX GEAR OF WAR BUNDLE,MICROSOFT,REGAL WORLDWIDE TRADE,0,0,2538.0000,0.0000,2190.00003750,Last Year,0,0,0,0,1,0,0,0,0,0,0,0,1
13100002,XBOX GEAR OF WAR BUNDLE - XBOX GEAR OF WAR BUNDLE,MICROSOFT,REGAL WORLDWIDE TRADE,0,0,2538.0000,0.0000,2190.00003750,This Year,0,0,0,0,0,0,0,0,0,0,0,0,0
618018,XBOX ONE S 1 TB - XBOX ONE SEA OF THIEVES  1TB,MICROSOFT,REGAL WORLDWIDE TRADE,0,1,2762.7800,2762.7800,2790.00000000,Last Year,0,0,0,0,0,0,0,0,0,0,0,0,0
618018,XBOX ONE S 1 TB - XBOX ONE SEA OF THIEVES  1TB,MICROSOFT,REGAL WORLDWIDE TRADE,0,1,2762.7800,2762.7800,2790.00000000,This Year,0,0,0,0,0,0,0,0,0,0,0,0,0
131028,PS4 500GB BUNDLE - SONY PS4 500GB SLIM FIFA 19 BUNDLE,SONY,REGAL WORLDWIDE TRADE,0,0,3009.2200,0.0000,1789.99998750,Last Year,0,0,0,0,0,0,0,0,0,0,0,0,0
131028,PS4 500GB BUNDLE - SONY PS4 500GB SLIM FIFA 19 BUNDLE,SONY,REGAL WORLDWIDE TRADE,0,0,3009.2200,0.0000,1789.99998750,This Year,0,0,0,0,0,0,0,0,0,0,0,0,0
131027,PS4 1TB  3G BUNDLE - PS4 CONSOLE 3 GAME BUNDLE,SONY,REGAL WORLDWIDE TRADE,0,0,3271.9300,0.0000,1499.99996250,Last Year,0,0,0,0,0,0,0,0,0,0,0,0,0
131027,PS4 1TB  3G BUNDLE - PS4 CONSOLE 3 GAME BUNDLE,SONY,REGAL WORLDWIDE TRADE,0,0,3271.9300,0.0000,1499.99996250,This Year,0,0,0,0,0,0,0,0,0,0,0,0,0
4072A3,ID730LOG50 - LOGITECH G29 RACING WHEELFOR PS3 AND PS4 941000110,LOGITECH,REGAL WORLDWIDE TRADE,0,0,2045.3841,0.0000,2190.00003750,Last Year,0,0,0,0,0,0,0,0,0,0,0,0,0
4072A3,ID730LOG50 - LOGITECH G29 RACING WHEELFOR PS3 AND PS4 941000110,LOGITECH,REGAL WORLDWIDE TRADE,0,0,2045.3841,0.0000,2190.00003750,This Year,0,0,0,0,0,0,0,0,0,0,0,0,0
4072B9,981000536 - G430 SURROUND SOUND GAMING HEADSET USB A NAMR BLUE,LOGITECH,REGAL WORLDWIDE TRADE,0,0,273.2000,0.0000,349.99998750,Last Year,0,0,0,0,0,0,0,0,0,0,0,0,0
4072B9,981000536 - G430 SURROUND SOUND GAMING HEADSET USB A NAMR BLUE,LOGITECH,REGAL WORLDWIDE TRADE,0,0,273.2000,0.0000,349.99998750,This Year,0,0,0,0,0,0,0,0,0,0,0,0,0
13102E,PS4-1TB-HITSB5 - PS4 SLIM 1 TB 3 GAMES BUNDLE,PS4,REGAL WORLDWIDE TRADE,0,0,3301.3900,0.0000,1640.00002500,Last Year,0,0,0,0,0,0,0,0,0,0,0,0,0
13102E,PS4-1TB-HITSB5 - PS4 SLIM 1 TB 3 GAMES BUNDLE,PS4,REGAL WORLDWIDE TRADE,0,0,3301.3900,0.0000,1640.00002500,This Year,0,0,0,0,0,0,0,0,0,0,0,0,0
4072C3,991000287 - LOGITECH GAMING BUNDLE G203 MSE G213 G240 PAD G230,LOGITECH,REGAL WORLDWIDE TRADE,0,0,785.7300,0.0000,319.99995000,Last Year,0,0,0,0,0,0,0,0,0,0,0,0,0
4072C3,991000287 - LOGITECH GAMING BUNDLE G203 MSE G213 G240 PAD G230,LOGITECH,REGAL WORLDWIDE TRADE,0,0,785.7300,0.0000,319.99995000,This Year,0,0,0,0,0,0,0,0,0,0,0,0,0
134048,FIFA 2020 GAME ONLY - GAME FIFA 2020 PS4,EA,REGAL WORLDWIDE TRADE,0,6,412.7600,2476.5600,200.00002500,Last Year,0,0,0,0,0,0,0,0,0,0,0,0,0
134048,FIFA 2020 GAME ONLY - GAME FIFA 2020 PS4,EA,REGAL WORLDWIDE TRADE,0,6,412.7600,2476.5600,200.00002500,This Year,0,0,0,0,0,0,0,0,0,0,0,0,0
4072C7,MM120LOG90 - LOGITECT G332 STEREO GAMING HEADSET 981 000830,LOGITECH,REGAL WORLDWIDE TRADE,0,0,334.7700,0.0000,159.99997500,Last Year,0,0,0,0,0,0,0,0,0,0,0,0,0
4072C7,MM120LOG90 - LOGITECT G332 STEREO GAMING HEADSET 981 000830,LOGITECH,REGAL WORLDWIDE TRADE,0,0,334.7700,0.0000,159.99997500,This Year,0,0,0,0,0,0,0,0,0,0,0,0,0
134049,CALL OF DUTY2020 GAMEONLY - CALL OF DUTY MODERN WARFARE 2020 GAME ONLY,SONY,REGAL WORLDWIDE TRADE,0,6,479.5100,2877.0600,200.00002500,Last Year,0,0,0,0,0,0,0,0,0,1,0,1,2
134049,CALL OF DUTY2020 GAMEONLY - CALL OF DUTY MODERN WARFARE 2020 GAME ONLY,SONY,REGAL WORLDWIDE TRADE,0,6,479.5100,2877.0600,200.00002500,This Year,0,0,0,0,0,0,0,0,0,0,0,0,0
131030,CUH-2215B PS4 BUNDLE - PS4 1TB 3 GAMES BUNDLE,SONY,REGAL WORLDWIDE TRADE,0,0,2308.4083,0.0000,1440.00000000,Last Year,0,0,0,0,0,0,0,0,0,0,0,0,0
131030,CUH-2215B PS4 BUNDLE - PS4 1TB 3 GAMES BUNDLE,SONY,REGAL WORLDWIDE TRADE,0,0,2308.4083,0.0000,1440.00000000,This Year,0,0,0,0,0,0,0,0,0,0,0,0,0
4001E0,AN515-54-56GZ - NITRO GAMING LAPTOP 15IN FHD  CI5 8GB X1TB X 128 G,ACER,REGAL WORLDWIDE TRADE,0,0,5984.2400,0.0000,5590.00000000,Last Year,0,-1,0,0,0,0,0,0,0,0,0,0,-1
4001E0,AN515-54-56GZ - NITRO GAMING LAPTOP 15IN FHD  CI5 8GB X1TB X 128 G,ACER,REGAL WORLDWIDE TRADE,0,0,5984.2400,0.0000,5590.00000000,This Year,0,0,0,0,0,0,0,0,0,0,0,0,0
406164,RZ0303390300R3M1 - RAZER KEYBOARD HUNTSMAN MINI MERCURY EDITION,RAZER,REGAL WORLDWIDE TRADE,0,8,679.7000,5437.6000,898.99998750,Last Year,0,0,1,0,0,0,0,0,3,0,0,0,4
406164,RZ0303390300R3M1 - RAZER KEYBOARD HUNTSMAN MINI MERCURY EDITION,RAZER,REGAL WORLDWIDE TRADE,0,8,679.7000,5437.6000,898.99998750,This Year,0,0,0,0,0,0,0,0,0,0,0,0,0
40616D,RZ0403240100R3U1 - RAZER HEADSET BLACKSHARK V2 X WIRED GAMING,RAZER,REGAL WORLDWIDE TRADE,0,0,221.1500,0.0000,348.99997500,Last Year,0,0,0,0,0,0,0,0,0,0,0,0,0
40616D,RZ0403240100R3U1 - RAZER HEADSET BLACKSHARK V2 X WIRED GAMING,RAZER,REGAL WORLDWIDE TRADE,0,0,221.1500,0.0000,348.99997500,This Year,0,0,0,0,0,0,0,0,0,0,0,0,0
131032,PS5 WHITE EDITION - PS5 WHITE EDITION WITH DISC,SONY,REGAL WORLDWIDE TRADE,0,0,10038.3800,0.0000,5199.99997500,Last Year,0,0,0,0,0,0,0,0,0,0,0,0,0
131032,PS5 WHITE EDITION - PS5 WHITE EDITION WITH DISC,SONY,REGAL WORLDWIDE TRADE,0,0,10038.3800,0.0000,5199.99997500,This Year,0,0,0,0,0,0,0,0,0,0,0,0,0
400285,NH.Q7MAL.00U - 15INCH LAPTOP INTEL CI5 10300H 8GB 1TB HDD 256GB S,ACER,REGAL WORLDWIDE TRADE,0,0,6380.9100,0.0000,7799.00000000,Last Year,0,0,0,0,0,0,0,0,0,0,0,0,0
400285,NH.Q7MAL.00U - 15INCH LAPTOP INTEL CI5 10300H 8GB 1TB HDD 256GB S,ACER,REGAL WORLDWIDE TRADE,0,0,6380.9100,0.0000,7799.00000000,This Year,0,0,0,0,0,0,0,0,0,0,0,0,0
KB2001,HEGSKAAAA - HW SWITCH OLED MODEL WHITE,NINTENDO,REGAL WORLDWIDE TRADE,0,1,3677.5400,3677.5400,4799.00002500,Last Year,1,0,1,0,0,0,0,0,0,0,0,0,2
KB2001,HEGSKAAAA - HW SWITCH OLED MODEL WHITE,NINTENDO,REGAL WORLDWIDE TRADE,0,1,3677.5400,3677.5400,4799.00002500,This Year,0,0,0,0,0,0,0,0,0,0,0,0,0
KD1008,RZ1203820100R3U1 - EARBUDS HAMMERHEAD TRUE WIRELESS,RAZER,REGAL WORLDWIDE TRADE,0,1,736.3500,736.3500,999.00000000,Last Year,1,0,0,0,1,0,0,0,0,1,0,0,3
KD1008,RZ1203820100R3U1 - EARBUDS HAMMERHEAD TRUE WIRELESS,RAZER,REGAL WORLDWIDE TRADE,0,1,736.3500,736.3500,999.00000000,This Year,0,0,0,0,0,0,0,0,0,0,0,0,0
KD4005,RZ0104000100R3M1 - GAMING MOUSE BASILISK V3 ERGONOMIC WIRED,RAZER,REGAL WORLDWIDE TRADE,0,0,396.4900,0.0000,499.00005000,Last Year,0,0,0,0,0,0,0,0,0,0,0,0,0
KD4005,RZ0104000100R3M1 - GAMING MOUSE BASILISK V3 ERGONOMIC WIRED,RAZER,REGAL WORLDWIDE TRADE,0,0,396.4900,0.0000,499.00005000,This Year,0,0,0,0,0,0,0,0,0,0,0,0,0
KB1002,3006648 - SONY PLAYSTATION 5 CONSOLE BLUE RAY EDITION,SONY,REGAL WORLDWIDE TRADE,0,0,8029.7000,0.0000,10999.00001250,Last Year,0,0,0,0,0,0,0,0,0,0,0,0,0
KB1002,3006648 - SONY PLAYSTATION 5 CONSOLE BLUE RAY EDITION,SONY,REGAL WORLDWIDE TRADE,0,0,8029.7000,0.0000,10999.00001250,This Year,0,0,0,0,0,0,0,0,0,0,0,0,0
R1V005,3006635 - PS5 CONSOLE DIGITAL EDITION,SONY,REGAL WORLDWIDE TRADE,0,0,7172.0300,0.0000,8998.99998750,Last Year,0,0,0,0,0,0,0,0,0,0,0,0,0
R1V005,3006635 - PS5 CONSOLE DIGITAL EDITION,SONY,REGAL WORLDWIDE TRADE,0,0,7172.0300,0.0000,8998.99998750,This Year,0,0,0,0,0,0,0,0,0,0,0,0,0
KB2003,HADSKABAA - NINTENDO SWITCH WITH BLUE AND RED 19,NINTENDO,REGAL WORLDWIDE TRADE,0,0,3144.5800,0.0000,4198.99995000,Last Year,0,0,0,0,0,0,0,0,1,0,0,0,1
KB2003,HADSKABAA - NINTENDO SWITCH WITH BLUE AND RED 19,NINTENDO,REGAL WORLDWIDE TRADE,0,0,3144.5800,0.0000,4198.99995000,This Year,0,0,0,0,0,0,0,0,0,0,0,0,0
KB3004,1883 - XBOX SERIES S DIGITAL EDITION CONSOLE WITH FORTNIT,MICROSOFT,REGAL WORLDWIDE TRADE,0,0,3193.2600,0.0000,4298.99996250,Last Year,0,0,0,0,0,0,0,0,0,1,0,0,1
KB3004,1883 - XBOX SERIES S DIGITAL EDITION CONSOLE WITH FORTNIT,MICROSOFT,REGAL WORLDWIDE TRADE,0,0,3193.2600,0.0000,4298.99996250,This Year,0,0,0,0,0,0,0,0,0,0,0,0,0
KD6005,3006431 - PS5 DUALSENSE NOVA PINK,SONY,REGAL WORLDWIDE TRADE,0,1,672.7000,672.7000,898.99998750,Last Year,0,0,0,0,0,0,0,0,2,0,0,0,2
KD6005,3006431 - PS5 DUALSENSE NOVA PINK,SONY,REGAL WORLDWIDE TRADE,0,1,672.7000,672.7000,898.99998750,This Year,0,0,0,0,0,0,0,0,0,0,0,0,0
KD6007,3006430 - PS5 DUALSENSE STARLIGHT BLUE,SONY,REGAL WORLDWIDE TRADE,0,0,495.1293,0.0000,598.99995000,Last Year,6,2,2,4,0,1,0,0,0,0,0,0,15
KD6007,3006430 - PS5 DUALSENSE STARLIGHT BLUE,SONY,REGAL WORLDWIDE TRADE,0,0,495.1293,0.0000,598.99995000,This Year,0,0,0,0,0,0,0,0,0,0,0,0,0
KD600A,OCULUS QUEST 2 - OCULUS QUEST 2 256GB ADVANCED ALL IN ONE VIRTUAL REALITY GAMING HEADSET,OCULUS,REGAL WORLDWIDE TRADE,0,0,4619.4600,0.0000,2000.00002500,Last Year,0,0,0,0,0,0,0,0,0,0,0,0,0
KD600A,OCULUS QUEST 2 - OCULUS QUEST 2 256GB ADVANCED ALL IN ONE VIRTUAL REALITY GAMING HEADSET,OCULUS,REGAL WORLDWIDE TRADE,0,0,4619.4600,0.0000,2000.00002500,This Year,0,0,0,0,0,0,0,0,0,0,0,0,0
KC1028,57868 - GRAND THEFT AUTO V LATAM PS5,TAKE 2,REGAL WORLDWIDE TRADE,0,6,392.7500,2356.5000,499.00005000,Last Year,0,0,0,3,0,0,10,0,0,1,0,0,14
KC1028,57868 - GRAND THEFT AUTO V LATAM PS5,TAKE 2,REGAL WORLDWIDE TRADE,0,6,392.7500,2356.5000,499.00005000,This Year,0,0,0,0,0,0,0,0,0,0,0,0,0
R1Q0BE,PHS-S101ML - HEADSET MANDALORIAN,PRIMUS,REGAL WORLDWIDE TRADE,0,1,402.8700,402.8700,149.99996250,Last Year,1,0,0,0,0,1,0,0,0,0,0,0,2
R1Q0BE,PHS-S101ML - HEADSET MANDALORIAN,PRIMUS,REGAL WORLDWIDE TRADE,0,1,402.8700,402.8700,149.99996250,This Year,0,0,0,0,0,0,0,0,0,0,0,0,0
R1Q0C0,PCH-S203ML��� - GAMING CHAIR MANDALORIAN,PRIMUS,REGAL WORLDWIDE TRADE,0,0,2484.3500,0.0000,2894.99996250,Last Year,0,0,0,0,0,0,0,0,0,0,0,0,0
R1Q0C0,PCH-S203ML��� - GAMING CHAIR MANDALORIAN,PRIMUS,REGAL WORLDWIDE TRADE,0,0,2484.3500,0.0000,2894.99996250,This Year,0,0,0,0,0,0,0,0,0,0,0,0,0
R1Q0C1,PMO-S202ML - MOUSE MANDALORIAN,PRIMUS,REGAL WORLDWIDE TRADE,0,1,343.9400,343.9400,159.99997500,Last Year,4,0,0,2,1,0,2,0,1,1,1,0,12
R1Q0C1,PMO-S202ML - MOUSE MANDALORIAN,PRIMUS,REGAL WORLDWIDE TRADE,0,1,343.9400,343.9400,159.99997500,This Year,0,0,0,0,0,0,0,0,0,0,0,0,0
R1Q0C2,PMP-S15ML-XXL� - XXL MOUSE PAD MANDALORIAN 90CM X 42CM,PRIMUS,REGAL WORLDWIDE TRADE,0,0,166.2000,0.0000,194.99996250,Last Year,8,0,0,0,0,0,0,0,0,0,0,0,8
R1Q0C2,PMP-S15ML-XXL� - XXL MOUSE PAD MANDALORIAN 90CM X 42CM,PRIMUS,REGAL WORLDWIDE TRADE,0,0,166.2000,0.0000,194.99996250,This Year,0,0,0,0,0,0,0,0,0,0,0,0,0
R1Q0C3,PMP-S14ML-M� - MEDIUM MOUSE PAD MANDALORIAN 32CM X 27CM,PRIMUS,REGAL WORLDWIDE TRADE,0,4,100.8500,403.4000,100.00001250,Last Year,11,0,0,0,0,1,1,0,0,0,0,0,13
R1Q0C3,PMP-S14ML-M� - MEDIUM MOUSE PAD MANDALORIAN 32CM X 27CM,PRIMUS,REGAL WORLDWIDE TRADE,0,4,100.8500,403.4000,100.00001250,This Year,0,0,0,0,0,0,0,0,0,0,0,0,0
KD1025,RZ0403760300 - RAZER OPUS X ACTIVE NOISE CANCELLATION HEADSET QUARTZ,RAZER,REGAL WORLDWIDE TRADE,0,0,544.5100,0.0000,698.99996250,Last Year,0,0,0,0,0,0,0,0,0,0,0,0,0
KD1025,RZ0403760300 - RAZER OPUS X ACTIVE NOISE CANCELLATION HEADSET QUARTZ,RAZER,REGAL WORLDWIDE TRADE,0,0,544.5100,0.0000,698.99996250,This Year,0,0,0,0,0,0,0,0,0,0,0,0,0
KD6014,RZ0604180100 - RAZER KISHI GAMING CONTROLLER FOR ANDROID 2ND GENERATION,RAZER,REGAL WORLDWIDE TRADE,0,0,566.4200,0.0000,749.00002500,Last Year,0,0,0,0,0,0,0,0,0,0,0,0,0
KD6014,RZ0604180100 - RAZER KISHI GAMING CONTROLLER FOR ANDROID 2ND GENERATION,RAZER,REGAL WORLDWIDE TRADE,0,0,566.4200,0.0000,749.00002500,This Year,0,0,0,0,0,0,0,0,0,0,0,0,0
13404B,3006429 - PS5 DUALSENSE COSMIC RED,SONY,REGAL WORLDWIDE TRADE,0,0,586.5400,0.0000,798.99997500,Last Year,0,0,1,0,1,0,1,0,2,0,0,0,5
13404B,3006429 - PS5 DUALSENSE COSMIC RED,SONY,REGAL WORLDWIDE TRADE,0,0,586.5400,0.0000,798.99997500,This Year,0,0,0,0,0,0,0,0,0,0,0,0,0
61801C,3005690 - PS5 HEADSET,SONY,REGAL WORLDWIDE TRADE,0,3,776.1900,2328.5700,849.00003750,Last Year,1,0,1,0,0,0,0,1,3,0,0,0,6
61801C,3005690 - PS5 HEADSET,SONY,REGAL WORLDWIDE TRADE,0,3,776.1900,2328.5700,849.00003750,This Year,0,0,0,0,0,0,0,0,0,0,0,0,0
KB1008,1000032000 - PLAYSTATION 5 CONSOLE HORIZON FORBIDDEN WEST BUNDL,SONY,REGAL WORLDWIDE TRADE,0,0,7247.0345,0.0000,6998.99996250,Last Year,0,0,0,0,0,0,0,0,0,0,0,0,0
KB1008,1000032000 - PLAYSTATION 5 CONSOLE HORIZON FORBIDDEN WEST BUNDL,SONY,REGAL WORLDWIDE TRADE,0,0,7247.0345,0.0000,6998.99996250,This Year,0,0,0,0,0,0,0,0,0,0,0,0,0
420049,AN515-55-57ZT - 15 FHD  CI5 10TH 8 1TB 256 G RTX3050,ACER,REGAL WORLDWIDE TRADE,0,0,5595.8700,0.0000,6599.00000000,Last Year,0,0,0,0,0,0,0,0,0,0,0,0,0
420049,AN515-55-57ZT - 15 FHD  CI5 10TH 8 1TB 256 G RTX3050,ACER,REGAL WORLDWIDE TRADE,0,0,5595.8700,0.0000,6599.00000000,This Year,0,0,0,0,0,0,0,0,0,0,0,0,0
KC1042,3006436 - VIDEO GAMES PS5 GOD OF WAR RAGNAROK LATAM,SONY,REGAL WORLDWIDE TRADE,0,23,646.8400,14877.3200,798.99997500,Last Year,1,1,2,1,0,1,11,0,2,1,0,7,27
KC1042,3006436 - VIDEO GAMES PS5 GOD OF WAR RAGNAROK LATAM,SONY,REGAL WORLDWIDE TRADE,0,23,646.8400,14877.3200,798.99997500,This Year,1,0,0,0,0,0,0,0,0,0,0,0,1
KB100A,1000031652 - PLAYSTATION 5 CONSOLE DISK,SONY,REGAL WORLDWIDE TRADE,0,0,6602.5000,0.0000,8499.00003750,Last Year,0,0,0,0,0,0,0,0,0,0,0,0,0
KB100A,1000031652 - PLAYSTATION 5 CONSOLE DISK,SONY,REGAL WORLDWIDE TRADE,0,0,6602.5000,0.0000,8499.00003750,This Year,0,0,0,0,0,0,0,0,0,0,0,0,0
KB100B,1000032624 - PLAYSTATION 5 GOD OF WAR RAGNAROK BUNDLE DISK,SONY,REGAL WORLDWIDE TRADE,0,0,6733.9600,0.0000,8499.00003750,Last Year,0,0,0,0,0,0,0,0,0,0,0,0,0
KB100B,1000032624 - PLAYSTATION 5 GOD OF WAR RAGNAROK BUNDLE DISK,SONY,REGAL WORLDWIDE TRADE,0,0,6733.9600,0.0000,8499.00003750,This Year,0,0,0,0,0,0,0,0,0,0,0,0,0
KB100C,1000030637 - PS5 HW STANDARD 1215 GOWR LATAM,SONY,REGAL WORLDWIDE TRADE,0,1,5270.2474,5270.2474,6799.00005000,Last Year,0,0,0,0,0,0,0,0,0,0,0,0,0
KB100C,1000030637 - PS5 HW STANDARD 1215 GOWR LATAM,SONY,REGAL WORLDWIDE TRADE,0,1,5270.2474,5270.2474,6799.00005000,This Year,0,0,0,0,0,0,0,0,0,0,0,0,0
KA102A,AN5155855HTEN - CI5 8GB 512 SSD RTX3050 RGB 15P FHD 144,ACER,REGAL WORLDWIDE TRADE,0,1,6407.3000,6407.3000,7499.00000000,Last Year,0,2,1,1,1,1,2,0,0,0,0,0,8
KA102A,AN5155855HTEN - CI5 8GB 512 SSD RTX3050 RGB 15P FHD 144,ACER,REGAL WORLDWIDE TRADE,0,1,6407.3000,6407.3000,7499.00000000,This Year,0,0,0,0,0,0,0,0,0,0,0,0,0
KA102B,PHN167176NNEN - PREDATOR HELIOS CI7 16GB 1T SSD RTX 4050 16P 165HZ,ACER,REGAL WORLDWIDE TRADE,0,0,10978.0500,0.0000,13499.00000000,Last Year,1,0,2,0,0,1,0,0,0,1,0,0,5
KA102B,PHN167176NNEN - PREDATOR HELIOS CI7 16GB 1T SSD RTX 4050 16P 165HZ,ACER,REGAL WORLDWIDE TRADE,0,0,10978.0500,0.0000,13499.00000000,This Year,0,0,0,0,0,0,0,0,0,0,0,0,0
KC1071,93404 - SW STREET FIGHTER 6 LATAM PS5,CAPCOM,REGAL WORLDWIDE TRADE,0,6,566.0500,3396.3000,698.99996250,Last Year,0,0,0,3,0,0,13,0,0,1,0,0,17
KC1071,93404 - SW STREET FIGHTER 6 LATAM PS5,CAPCOM,REGAL WORLDWIDE TRADE,0,6,566.0500,3396.3000,698.99996250,This Year,0,1,0,0,0,0,0,0,0,0,0,0,1
KD5051,519T2AA - HYPERX MICROPHONE SOLOCAST WHITE,HYPERX,REGAL WORLDWIDE TRADE,0,9,363.4300,3270.8700,479.00002500,Last Year,1,0,2,1,0,1,1,0,1,0,0,0,7
KD5051,519T2AA - HYPERX MICROPHONE SOLOCAST WHITE,HYPERX,REGAL WORLDWIDE TRADE,0,9,363.4300,3270.8700,479.00002500,This Year,0,0,0,0,0,0,0,0,0,0,0,0,0
13404D,SPIMMLATPS5 - SPIDERMAN MILES MORALES LATAM PS5,SONY,REGAL WORLDWIDE TRADE,0,13,473.6500,6157.4500,598.99995000,Last Year,1,0,0,1,0,0,7,0,0,3,0,3,15
13404D,SPIMMLATPS5 - SPIDERMAN MILES MORALES LATAM PS5,SONY,REGAL WORLDWIDE TRADE,0,13,473.6500,6157.4500,598.99995000,This Year,0,0,0,0,0,0,0,0,0,0,0,0,0
KD3007,KG243Y HBMIX - UMQX3AAH01 M24P FHD 100HZ AMDFREESYNC,ACER,REGAL WORLDWIDE TRADE,0,3,693.8100,2081.4300,999.00000000,Last Year,0,1,4,0,0,0,0,1,0,0,0,0,6
KD3007,KG243Y HBMIX - UMQX3AAH01 M24P FHD 100HZ AMDFREESYNC,ACER,REGAL WORLDWIDE TRADE,0,3,693.8100,2081.4300,999.00000000,This Year,0,0,0,0,0,0,0,0,0,0,0,0,0
KD3008,VG270SBMIIPX - UMHV0AAS01 M27P NITRO IPS 165HZ AMDFREESYNC,ACER,REGAL WORLDWIDE TRADE,0,1,1224.2800,1224.2800,1699.00000000,Last Year,0,0,0,1,0,1,0,0,0,0,0,0,2
KD3008,VG270SBMIIPX - UMHV0AAS01 M27P NITRO IPS 165HZ AMDFREESYNC,ACER,REGAL WORLDWIDE TRADE,0,1,1224.2800,1224.2800,1699.00000000,This Year,0,0,0,0,0,0,0,0,0,0,0,0,0
KD3009,ED323QU PBMIIPPX - UMJE3AAP01 M32P QHD 165HZ CURVED AMDFREESYNC,ACER,REGAL WORLDWIDE TRADE,0,3,2084.4700,6253.4100,2799.00000000,Last Year,5,3,0,1,3,1,2,1,3,1,0,0,20
KD3009,ED323QU PBMIIPPX - UMJE3AAP01 M32P QHD 165HZ CURVED AMDFREESYNC,ACER,REGAL WORLDWIDE TRADE,0,3,2084.4700,6253.4100,2799.00000000,This Year,0,0,0,0,0,0,0,0,0,0,0,0,0
KD300B,XZ273U X3BMIIPHX - UMHX3AA301 M27P 240HZ CURVED QHD AMDFREESYNC,ACER,REGAL WORLDWIDE TRADE,0,1,2285.3800,2285.3800,2899.00000000,Last Year,0,1,1,0,0,0,1,2,0,0,0,0,5
KD300B,XZ273U X3BMIIPHX - UMHX3AA301 M27P 240HZ CURVED QHD AMDFREESYNC,ACER,REGAL WORLDWIDE TRADE,0,1,2285.3800,2285.3800,2899.00000000,This Year,0,0,0,0,0,0,0,0,0,0,0,0,0
KD300A,XB273 GZBMIIPRX - UMHX3AAZ04 M27P PREDATOR 280HZ GSYNC FREESYNC,ACER,REGAL WORLDWIDE TRADE,0,13,2605.5600,33872.2800,1749.00003750,Last Year,0,1,0,0,0,0,1,1,2,0,0,0,5
KD300A,XB273 GZBMIIPRX - UMHX3AAZ04 M27P PREDATOR 280HZ GSYNC FREESYNC,ACER,REGAL WORLDWIDE TRADE,0,13,2605.5600,33872.2800,1749.00003750,This Year,2,1,0,0,0,0,0,0,0,0,0,0,3
409011,LC27F390FHNXGO - 27 CURVE MONITOR 1920X1080 1800R 60 HZ 4MS 1 HDMI,SAMSUNG,REGAL WORLDWIDE TRADE,0,3,1136.2300,3408.6900,1598.99996250,Last Year,17,7,9,7,5,4,1,7,0,0,3,0,60
409011,LC27F390FHNXGO - 27 CURVE MONITOR 1920X1080 1800R 60 HZ 4MS 1 HDMI,SAMSUNG,REGAL WORLDWIDE TRADE,0,3,1136.2300,3408.6900,1598.99996250,This Year,5,0,0,0,0,0,0,0,0,0,0,0,5
KC107D,38346 - EA SPORTS FC 24 LATAM PS5,ELECTRONIC ARTS,REGAL WORLDWIDE TRADE,0,16,542.7800,8684.4800,698.99996250,Last Year,0,0,0,3,0,0,2,0,0,1,0,4,10
KC107D,38346 - EA SPORTS FC 24 LATAM PS5,ELECTRONIC ARTS,REGAL WORLDWIDE TRADE,0,16,542.7800,8684.4800,698.99996250,This Year,0,0,0,0,0,0,0,0,0,0,0,0,0
KD2027,56R64AAABA - KEYBOARD ALLOY ORIGINS 65 US HX AQUA,HYPERX,REGAL WORLDWIDE TRADE,0,3,433.9700,1301.9100,499.00000000,Last Year,0,0,2,0,0,0,0,1,2,2,0,1,8
KD2027,56R64AAABA - KEYBOARD ALLOY ORIGINS 65 US HX AQUA,HYPERX,REGAL WORLDWIDE TRADE,0,3,433.9700,1301.9100,499.00000000,This Year,0,0,0,0,0,0,0,0,0,0,0,0,0
KD6044,3006428 - PS5 DUALSENSE MIDNIGHT BLACK,SONY,REGAL WORLDWIDE TRADE,0,1,479.8200,479.8200,598.99995000,Last Year,1,0,3,-1,0,0,1,0,0,0,0,0,4
KD6044,3006428 - PS5 DUALSENSE MIDNIGHT BLACK,SONY,REGAL WORLDWIDE TRADE,0,1,479.8200,479.8200,598.99995000,This Year,0,0,0,0,0,0,0,0,0,0,0,0,0
KD6045,3005753 - PS5 DUALSENSE,SONY,REGAL WORLDWIDE TRADE,0,0,479.8500,0.0000,598.99995000,Last Year,6,4,3,1,3,0,0,0,1,0,0,0,18
KD6045,3005753 - PS5 DUALSENSE,SONY,REGAL WORLDWIDE TRADE,0,0,479.8500,0.0000,598.99995000,This Year,0,0,0,0,0,0,0,0,0,0,0,0,0
KD104E,4P5K4AA - HEADSET CLOUD II WIRELESS,HYPERX,REGAL WORLDWIDE TRADE,0,5,613.9500,3069.7500,798.99997500,Last Year,1,0,1,1,0,2,1,0,2,0,0,1,9
KD104E,4P5K4AA - HEADSET CLOUD II WIRELESS,HYPERX,REGAL WORLDWIDE TRADE,0,5,613.9500,3069.7500,798.99997500,This Year,0,1,0,0,0,0,0,0,0,0,0,0,1
KB1010,AW-XM546 - PS5 FC24 BUNDLE DISC,PLAYSTATION,REGAL WORLDWIDE TRADE,0,0,5428.2000,0.0000,6998.99996250,Last Year,0,0,1,0,0,0,0,0,0,0,0,0,1
KB1010,AW-XM546 - PS5 FC24 BUNDLE DISC,PLAYSTATION,REGAL WORLDWIDE TRADE,0,0,5428.2000,0.0000,6998.99996250,This Year,0,0,0,0,0,0,0,0,0,0,0,0,0
KB1011,CFI-1215A - PS5 SPIDERMAN 2 BUNDLE DISC,PLAYSTATION,REGAL WORLDWIDE TRADE,0,0,5622.0900,0.0000,6998.99996250,Last Year,0,0,0,0,0,0,-1,0,0,0,0,0,-1
KB1011,CFI-1215A - PS5 SPIDERMAN 2 BUNDLE DISC,PLAYSTATION,REGAL WORLDWIDE TRADE,0,0,5622.0900,0.0000,6998.99996250,This Year,0,0,0,0,0,0,0,0,0,0,0,0,0
KD2028,639N7AAABA - KEYBOARD ALLOY ORIGINS CORE PBT HX RED US,HYPERX,REGAL WORLDWIDE TRADE,0,8,423.1000,3384.8000,489.00000000,Last Year,0,0,0,1,0,1,1,4,1,0,0,0,8
KD2028,639N7AAABA - KEYBOARD ALLOY ORIGINS CORE PBT HX RED US,HYPERX,REGAL WORLDWIDE TRADE,0,8,423.1000,3384.8000,489.00000000,This Year,1,0,0,0,0,0,0,0,0,0,0,0,1
KD1043,3006433 - PS5 HEADSET MIDNIGHT BLACK,SONY,REGAL WORLDWIDE TRADE,0,0,695.4300,0.0000,829.00001250,Last Year,0,0,0,0,0,2,0,0,0,0,0,0,2
KD1043,3006433 - PS5 HEADSET MIDNIGHT BLACK,SONY,REGAL WORLDWIDE TRADE,0,0,695.4300,0.0000,829.00001250,This Year,1,0,0,0,0,0,0,0,0,0,0,0,1
KD1045,RZ12-03820300-R3U1 - HAMMERHEAD HYPERSPEED WIRELESS GAMING EARBUDS,RAZER,REGAL WORLDWIDE TRADE,0,4,882.2100,3528.8400,1199.00002500,Last Year,1,0,0,0,0,1,0,0,1,0,0,0,3
KD1045,RZ12-03820300-R3U1 - HAMMERHEAD HYPERSPEED WIRELESS GAMING EARBUDS,RAZER,REGAL WORLDWIDE TRADE,0,4,882.2100,3528.8400,1199.00002500,This Year,0,0,0,0,0,0,0,0,0,0,0,0,0
KD1047,RZ04-03980200-R3U1 - KAIRA HYPERSPEED LICENSED PLAYSTATION 5 WIRELESS GAMING HEADSET,RAZER,REGAL WORLDWIDE TRADE,0,0,764.6300,0.0000,999.00000000,Last Year,1,0,0,1,0,1,0,0,0,0,0,0,3
KD1047,RZ04-03980200-R3U1 - KAIRA HYPERSPEED LICENSED PLAYSTATION 5 WIRELESS GAMING HEADSET,RAZER,REGAL WORLDWIDE TRADE,0,0,764.6300,0.0000,999.00000000,This Year,0,0,0,0,0,0,0,0,0,0,0,0,0
KD1048,RZ04-03970700-R3U1 - KAIRA X WIRED GAMING HEADSET LICENSED PS5,RAZER,REGAL WORLDWIDE TRADE,0,0,365.5800,0.0000,499.00005000,Last Year,0,0,0,0,0,0,0,0,0,0,0,0,0
KD1048,RZ04-03970700-R3U1 - KAIRA X WIRED GAMING HEADSET LICENSED PS5,RAZER,REGAL WORLDWIDE TRADE,0,0,365.5800,0.0000,499.00005000,This Year,0,0,0,0,0,0,0,0,0,0,0,0,0
KD1049,RZ04-04510200-R3U1 - KRAKEN KITTY EDITION V2 PRO QUARTZ WIRED RGB WITH INTERCHANGEABLE EARS,RAZER,REGAL WORLDWIDE TRADE,0,5,1166.7800,5833.9000,1498.99995000,Last Year,0,0,0,1,0,0,0,0,0,0,0,0,1
KD1049,RZ04-04510200-R3U1 - KRAKEN KITTY EDITION V2 PRO QUARTZ WIRED RGB WITH INTERCHANGEABLE EARS,RAZER,REGAL WORLDWIDE TRADE,0,5,1166.7800,5833.9000,1498.99995000,This Year,0,0,0,0,0,0,0,0,0,0,0,0,0
KD104A,RZ04-03760400-R3U1 - OPUS X GREEN ACTIVE NOISE CANCELLATION HEADSET,RAZER,REGAL WORLDWIDE TRADE,0,3,544.5100,1633.5300,698.99996250,Last Year,1,0,0,0,0,0,0,0,0,0,0,0,1
KD104A,RZ04-03760400-R3U1 - OPUS X GREEN ACTIVE NOISE CANCELLATION HEADSET,RAZER,REGAL WORLDWIDE TRADE,0,3,544.5100,1633.5300,698.99996250,This Year,0,0,0,0,0,0,0,0,0,0,0,0,0
KD104B,RZ04-03240800-R3U1 - BLACKSHARK V2 X WIRED GAMING HEADSET,RAZER,REGAL WORLDWIDE TRADE,0,0,303.9200,0.0000,399.00003750,Last Year,1,0,1,0,0,0,0,0,0,0,0,0,2
KD104B,RZ04-03240800-R3U1 - BLACKSHARK V2 X WIRED GAMING HEADSET,RAZER,REGAL WORLDWIDE TRADE,0,0,303.9200,0.0000,399.00003750,This Year,0,0,0,0,0,0,0,0,0,0,0,0,0
KD104C,RZ04-04510100-R3U1 - KRAKEN KITTY V2 PRO BASE BLACK WIRED RGB HEADSET WITH INTERCHANGEABLE EARS,RAZER,REGAL WORLDWIDE TRADE,0,8,1166.7800,9334.2400,1498.99995000,Last Year,0,0,0,0,0,0,0,0,0,0,0,0,0
KD104C,RZ04-04510100-R3U1 - KRAKEN KITTY V2 PRO BASE BLACK WIRED RGB HEADSET WITH INTERCHANGEABLE EARS,RAZER,REGAL WORLDWIDE TRADE,0,8,1166.7800,9334.2400,1498.99995000,This Year,0,0,0,0,0,0,0,0,0,0,0,0,0
KD2025,RZ03-03390200-R3M1 - HUNTSMAN MINI 60 OPTICAL KEYBOARD RED SWITCH,RAZER,REGAL WORLDWIDE TRADE,0,4,736.3500,2945.4000,999.00000000,Last Year,0,1,0,0,0,0,0,1,0,0,0,0,2
KD2025,RZ03-03390200-R3M1 - HUNTSMAN MINI 60 OPTICAL KEYBOARD RED SWITCH,RAZER,REGAL WORLDWIDE TRADE,0,4,736.3500,2945.4000,999.00000000,This Year,0,0,0,0,0,0,0,0,0,0,0,0,0
KD2026,RZ03-04880200-R3U1 - ORNATA V3 TENKEYLESS KEYBOARD,RAZER,REGAL WORLDWIDE TRADE,0,2,426.4500,852.9000,549.00000000,Last Year,1,0,0,0,0,0,1,2,0,0,0,0,4
KD2026,RZ03-04880200-R3U1 - ORNATA V3 TENKEYLESS KEYBOARD,RAZER,REGAL WORLDWIDE TRADE,0,2,426.4500,852.9000,549.00000000,This Year,0,0,0,0,0,0,0,0,0,0,0,0,0
KD4023,RZ01-04650100-R3U1 - MOUSE COBRA LIGHTWEIGHT WIRED WITH RAZER CHROMA RG,RAZER,REGAL WORLDWIDE TRADE,0,0,238.8400,0.0000,299.00002500,Last Year,0,2,3,3,0,2,2,1,2,2,0,0,17
KD4023,RZ01-04650100-R3U1 - MOUSE COBRA LIGHTWEIGHT WIRED WITH RAZER CHROMA RG,RAZER,REGAL WORLDWIDE TRADE,0,0,238.8400,0.0000,299.00002500,This Year,0,0,0,0,0,0,0,0,0,0,0,0,0
KD4024,RZ01-03850100-R3U1 - MOUSE DEATHADDER ESSENTIAL ERGONOMIC WIRED,RAZER,REGAL WORLDWIDE TRADE,0,0,106.2700,0.0000,148.99995000,Last Year,3,1,2,1,0,1,0,0,0,0,0,0,8
KD4024,RZ01-03850100-R3U1 - MOUSE DEATHADDER ESSENTIAL ERGONOMIC WIRED,RAZER,REGAL WORLDWIDE TRADE,0,0,106.2700,0.0000,148.99995000,This Year,0,0,0,0,0,0,0,0,0,0,0,0,0
KD4025,RZ01-04640100-R3U1 - MOUSE DEATHADDER V3 ERGONOMIC WIRED,RAZER,REGAL WORLDWIDE TRADE,0,5,418.0800,2090.4000,598.99995000,Last Year,0,0,0,0,0,0,0,3,1,0,1,0,5
KD4025,RZ01-04640100-R3U1 - MOUSE DEATHADDER V3 ERGONOMIC WIRED,RAZER,REGAL WORLDWIDE TRADE,0,5,418.0800,2090.4000,598.99995000,This Year,0,0,0,0,0,0,0,0,0,0,0,0,0
KD506A,RC21-01900100-R3U1 - QUICK CHARGING STAND FOR PLAYSTATION WHITE,RAZER,REGAL WORLDWIDE TRADE,0,0,226.4900,0.0000,299.00002500,Last Year,0,0,0,0,0,0,1,0,0,0,0,0,1
KD506A,RC21-01900100-R3U1 - QUICK CHARGING STAND FOR PLAYSTATION WHITE,RAZER,REGAL WORLDWIDE TRADE,0,0,226.4900,0.0000,299.00002500,This Year,0,0,0,0,0,0,0,0,0,0,0,0,0
KD506B,RC21-01900400-R3U1 - QUICK CHARGING STAND FOR PLAYSTATION5 BLUE,RAZER,REGAL WORLDWIDE TRADE,0,0,235.1700,0.0000,299.00002500,Last Year,1,0,2,1,0,0,0,1,0,0,1,0,6
KD506B,RC21-01900400-R3U1 - QUICK CHARGING STAND FOR PLAYSTATION5 BLUE,RAZER,REGAL WORLDWIDE TRADE,0,0,235.1700,0.0000,299.00002500,This Year,0,0,0,0,0,0,0,0,0,0,0,0,0
KD506C,RZ05-04760100-R3U1 - NOMMO V2 X FULL RANGE 2 PC GAMING SPEAKERS,RAZER,REGAL WORLDWIDE TRADE,0,2,896.0000,1792.0000,1199.00002500,Last Year,0,0,0,0,0,0,0,0,0,0,0,1,1
KD506C,RZ05-04760100-R3U1 - NOMMO V2 X FULL RANGE 2 PC GAMING SPEAKERS,RAZER,REGAL WORLDWIDE TRADE,0,2,896.0000,1792.0000,1199.00002500,This Year,1,0,0,0,0,0,0,0,0,0,0,0,1
KD506D,RZ19-04170100-R3U1 - KIYO X USB WEBCAM FOR FULL HD STREAMING,RAZER,REGAL WORLDWIDE TRADE,0,1,453.1400,453.1400,598.99995000,Last Year,0,0,0,0,0,1,0,1,0,0,0,0,2
KD506D,RZ19-04170100-R3U1 - KIYO X USB WEBCAM FOR FULL HD STREAMING,RAZER,REGAL WORLDWIDE TRADE,0,1,453.1400,453.1400,598.99995000,This Year,0,0,0,0,0,0,0,0,0,0,0,0,0
KD506E,RZ02-01910100-R3M1 - MOUSE MAT SMALL GOLIATHUS SPEED COSMIC,RAZER,REGAL WORLDWIDE TRADE,0,2,29.6400,59.2800,49.00005000,Last Year,2,4,4,0,2,4,3,2,0,0,0,2,23
KD506E,RZ02-01910100-R3M1 - MOUSE MAT SMALL GOLIATHUS SPEED COSMIC,RAZER,REGAL WORLDWIDE TRADE,0,2,29.6400,59.2800,49.00005000,This Year,0,0,0,0,0,0,0,0,0,0,0,0,0
KD6047,RZ06-04190100-R3U1 - KISHI V2 GAMING CONTROLLER FOR IPHONE,RAZER,REGAL WORLDWIDE TRADE,0,0,566.4200,0.0000,749.00002500,Last Year,0,1,0,0,0,0,1,1,0,0,0,2,5
KD6047,RZ06-04190100-R3U1 - KISHI V2 GAMING CONTROLLER FOR IPHONE,RAZER,REGAL WORLDWIDE TRADE,0,0,566.4200,0.0000,749.00002500,This Year,0,0,0,0,0,0,0,0,0,0,0,0,0
KD104D,519T1AA - HEADSET CLOUD STINGER 2,HYPERX,REGAL WORLDWIDE TRADE,0,1,288.1900,288.1900,389.00002500,Last Year,0,2,2,3,2,1,1,0,0,1,1,0,13
KD104D,519T1AA - HEADSET CLOUD STINGER 2,HYPERX,REGAL WORLDWIDE TRADE,0,1,288.1900,288.1900,389.00002500,This Year,0,0,0,0,0,0,0,0,0,0,0,0,0
KD105B,1000030628 - PS5 HEADSET GRAY CAMO,SONY,REGAL WORLDWIDE TRADE,0,1,695.4300,695.4300,898.99998750,Last Year,0,0,0,0,0,0,0,1,1,0,0,0,2
KD105B,1000030628 - PS5 HEADSET GRAY CAMO,SONY,REGAL WORLDWIDE TRADE,0,1,695.4300,695.4300,898.99998750,This Year,0,0,0,0,0,0,0,0,0,0,0,0,0
KB1018,1000039666 - PS5 HW 2015 DIGITAL CORE,SONY,REGAL WORLDWIDE TRADE,0,0,3877.3777,0.0000,5198.99996250,Last Year,20,8,12,2,0,0,0,0,0,0,0,0,42
KB1018,1000039666 - PS5 HW 2015 DIGITAL CORE,SONY,REGAL WORLDWIDE TRADE,0,0,3877.3777,0.0000,5198.99996250,This Year,0,0,0,0,0,0,0,0,0,0,0,0,0
KB1017,1000039668 - PS5 HW 2015 STANDARD CORE,SONY,REGAL WORLDWIDE TRADE,0,6,4268.9888,25613.9328,5998.99995000,Last Year,19,23,11,0,0,0,-2,-1,0,27,23,4,104
KB1017,1000039668 - PS5 HW 2015 STANDARD CORE,SONY,REGAL WORLDWIDE TRADE,0,6,4268.9888,25613.9328,5998.99995000,This Year,1,0,0,0,0,0,0,0,0,0,0,0,1
KB4005,83E10011LM - LEGION GO 512GB RTX3060 16GB RYZEN Z1 8P,LENOVO,REGAL WORLDWIDE TRADE,0,2,5510.8100,11021.6200,6499.00000000,Last Year,2,1,1,1,1,0,0,2,0,0,0,0,8
KB4005,83E10011LM - LEGION GO 512GB RTX3060 16GB RYZEN Z1 8P,LENOVO,REGAL WORLDWIDE TRADE,0,2,5510.8100,11021.6200,6499.00000000,This Year,0,0,0,0,0,0,0,0,0,0,0,0,0
KB101A,CFI-2015B01X - PS5 HW 2015 DIGITAL BUNDLE 1 LATAM RATCHET AND CLA,SONY,REGAL WORLDWIDE TRADE,50,0,4110.5400,0.0000,5198.99996250,Last Year,0,0,0,16,18,27,17,0,0,0,0,0,78
KB101A,CFI-2015B01X - PS5 HW 2015 DIGITAL BUNDLE 1 LATAM RATCHET AND CLA,SONY,REGAL WORLDWIDE TRADE,50,0,4110.5400,0.0000,5198.99996250,This Year,0,0,0,0,0,0,0,0,0,0,0,0,0
KB101B,CFI-2015A01X - PS5 HW 2015 STANDARD BUNDLE 1 LATAM RATCHET AND CL,SONY,REGAL WORLDWIDE TRADE,100,0,4769.2908,0.0000,5998.99995000,Last Year,0,0,1,16,23,12,6,0,0,0,0,0,58
KB101B,CFI-2015A01X - PS5 HW 2015 STANDARD BUNDLE 1 LATAM RATCHET AND CL,SONY,REGAL WORLDWIDE TRADE,100,0,4769.2908,0.0000,5998.99995000,This Year,0,0,0,0,0,0,0,0,0,0,0,0,0
KA105E,ANV15-51-77GS-EN - NITRO V CI713620H 16GB RTX4050 1TB SSD 15IN FHD 144HZ W11 NHQN8AL00A,ACER,REGAL WORLDWIDE TRADE,0,3,8399.9600,25199.8800,9999.00000000,Last Year,0,0,0,0,0,0,0,1,0,0,2,0,3
KA105E,ANV15-51-77GS-EN - NITRO V CI713620H 16GB RTX4050 1TB SSD 15IN FHD 144HZ W11 NHQN8AL00A,ACER,REGAL WORLDWIDE TRADE,0,3,8399.9600,25199.8800,9999.00000000,This Year,0,0,0,0,0,0,0,0,0,0,0,0,0
KA105F,PHN16-71-73MK-EN - PREDATOR HELIOS CI713700HX 16GB RTX4060 1TBSSD RGB DDS 16IN 165HZ W11,ACER,REGAL WORLDWIDE TRADE,0,1,11447.4100,11447.4100,12999.00000000,Last Year,0,0,0,0,0,0,1,0,1,0,0,2,4
KA105F,PHN16-71-73MK-EN - PREDATOR HELIOS CI713700HX 16GB RTX4060 1TBSSD RGB DDS 16IN 165HZ W11,ACER,REGAL WORLDWIDE TRADE,0,1,11447.4100,11447.4100,12999.00000000,This Year,0,1,0,0,0,0,0,0,0,0,0,0,1
KA105D,ANV15-51-54RW-EN - NITRO5 CI5 13GEN 16GB RTX3050 6GB 512SSD 15IN FHD 144HZ W11  NHQN9AL00C,ACER,REGAL WORLDWIDE TRADE,0,3,6505.8900,19517.6700,7299.00000000,Last Year,0,0,0,0,1,1,5,2,1,1,0,0,11
KA105D,ANV15-51-54RW-EN - NITRO5 CI5 13GEN 16GB RTX3050 6GB 512SSD 15IN FHD 144HZ W11  NHQN9AL00C,ACER,REGAL WORLDWIDE TRADE,0,3,6505.8900,19517.6700,7299.00000000,This Year,0,0,0,0,0,0,0,0,0,0,0,0,0
KD508B,3005838 - PS5 CHARGING STATION LAT,SONY,REGAL WORLDWIDE TRADE,0,0,204.8100,0.0000,369.00000000,Last Year,0,0,0,1,1,0,1,0,2,0,0,0,5
KD508B,3005838 - PS5 CHARGING STATION LAT,SONY,REGAL WORLDWIDE TRADE,0,0,204.8100,0.0000,369.00000000,This Year,0,0,0,0,0,0,0,0,0,0,0,0,0
KD604F,1000039944 - PS5 DUALSENSE GRAY CAMO AMER LB,SONY,REGAL WORLDWIDE TRADE,0,0,560.1200,0.0000,698.99996250,Last Year,0,0,0,4,2,1,0,2,0,0,0,0,9
KD604F,1000039944 - PS5 DUALSENSE GRAY CAMO AMER LB,SONY,REGAL WORLDWIDE TRADE,0,0,560.1200,0.0000,698.99996250,This Year,0,0,0,0,0,0,0,0,0,0,0,0,0
KD6050,1000039940 - PS5 DUALSENSE STARLIGHT BLUE AMER LB,SONY,REGAL WORLDWIDE TRADE,0,0,560.1200,0.0000,698.99996250,Last Year,0,0,0,4,0,0,2,0,3,-1,0,0,8
KD6050,1000039940 - PS5 DUALSENSE STARLIGHT BLUE AMER LB,SONY,REGAL WORLDWIDE TRADE,0,0,560.1200,0.0000,698.99996250,This Year,0,0,0,0,0,0,0,0,0,0,0,0,0
KD6052,1000039937 - PS5 DUALSENSE COSMIC RED AMER LB,SONY,REGAL WORLDWIDE TRADE,20,0,560.1200,0.0000,698.99996250,Last Year,0,0,0,0,0,2,2,1,2,0,0,0,7
KD6052,1000039937 - PS5 DUALSENSE COSMIC RED AMER LB,SONY,REGAL WORLDWIDE TRADE,20,0,560.1200,0.0000,698.99996250,This Year,0,0,0,0,0,0,0,0,0,0,0,0,0
KD6053,1000039935 - PS5 DUALSENSE WHITE AMER LB,SONY,REGAL WORLDWIDE TRADE,0,0,543.7300,0.0000,698.99996250,Last Year,0,0,0,0,0,0,4,1,1,1,0,0,7
KD6053,1000039935 - PS5 DUALSENSE WHITE AMER LB,SONY,REGAL WORLDWIDE TRADE,0,0,543.7300,0.0000,698.99996250,This Year,0,0,0,0,0,0,0,0,0,0,0,0,0
KD6054,1000039936 - PS5 DUALSENSE MIDNIGHT BLACK AMER LB,SONY,REGAL WORLDWIDE TRADE,0,30,515.3238,15459.7140,698.99996250,Last Year,0,0,0,3,5,1,-1,0,1,7,5,7,28
KD6054,1000039936 - PS5 DUALSENSE MIDNIGHT BLACK AMER LB,SONY,REGAL WORLDWIDE TRADE,0,30,515.3238,15459.7140,698.99996250,This Year,6,4,0,0,0,0,0,0,0,0,0,0,10
KB101E,CFI-2015 - PS5 SLIM DIGITAL,PLAYSTATION,REGAL WORLDWIDE TRADE,0,0,4109.7600,0.0000,5198.99996250,Last Year,0,0,0,0,0,0,0,0,114,0,-1,0,113
KB101E,CFI-2015 - PS5 SLIM DIGITAL,PLAYSTATION,REGAL WORLDWIDE TRADE,0,0,4109.7600,0.0000,5198.99996250,This Year,0,0,0,0,0,0,0,0,0,0,0,0,0
KC10A2,FC25 - EA SPORTS FC 25  PS5,ELECTRONIC ARTS,REGAL WORLDWIDE TRADE,0,56,554.4700,31050.3200,698.99996250,Last Year,0,0,0,0,0,0,0,0,0,0,2,0,2
KC10A2,FC25 - EA SPORTS FC 25  PS5,ELECTRONIC ARTS,REGAL WORLDWIDE TRADE,0,56,554.4700,31050.3200,698.99996250,This Year,0,1,0,0,0,0,0,0,0,0,0,0,1
KB101F,1000046529 - SONY PS5 PRO,SONY,REGAL WORLDWIDE TRADE,0,63,7383.2300,465143.4900,8998.99998750,Last Year,0,0,0,0,0,0,0,0,0,0,6,14,20
KB101F,1000046529 - SONY PS5 PRO,SONY,REGAL WORLDWIDE TRADE,0,63,7383.2300,465143.4900,8998.99998750,This Year,21,19,0,0,0,0,0,0,0,0,0,0,40
KB1022,1000044177 - PS5 DIGITAL ASTROBOT,SONY,REGAL WORLDWIDE TRADE,50,0,0.0000,0.0000,0,Last Year,0,0,0,0,0,0,0,0,0,0,0,0,0
KB1022,1000044177 - PS5 DIGITAL ASTROBOT,SONY,REGAL WORLDWIDE TRADE,50,0,0.0000,0.0000,0,This Year,0,0,0,0,0,0,0,0,0,0,0,0,0
